DB00364,P02675,1
DB00186,P28472,1
DB00652,P35372,1
DB00404,P30536,1
DB00501,P25021,1
DB01068,P47870,1
DB00623,P14416,1
DB00554,P23219,1
DB01080,P80404,1
DB00350,P23219,1
DB01409,P11229,1
DB01224,P28221,1
DB01250,P01579,1
DB01173,O15399,1
DB00674,P30532,1
DB00697,P08913,1
DB00450,P35348,1
DB00808,P15382,1
DB00370,P41145,1
DB00211,P35368,1
DB01142,P41595,1
DB00981,P22303,1
DB01068,Q8N1C3,1
DB01068,P28476,1
DB00257,O15554,1
DB00714,P08908,1
DB01215,O14764,1
DB00861,P23219,1
DB01234,P04150,1
DB01064,P08588,1
DB01114,P23975,1
DB01036,P11229,1
DB00921,P41145,1
DB01427,Q07343,1
DB00724,Q9NR97,1
DB00782,P11229,1
DB01069,P11229,1
DB00594,Q16515,1
DB01119,P05023,1
DB01186,P18089,1
DB00454,Q05586,1
DB00333,Q8TCU5,1
DB00921,P41143,1
DB00734,P08913,1
DB00248,P35462,1
DB00376,P11229,1
DB00794,P34903,1
DB01035,Q14524,1
DB00715,P20309,1
DB01032,Q96RD7,1
DB00321,P20309,1
DB00679,P35348,1
DB00289,P23975,1
DB00975,Q9Y233,1
DB00862,P18545,1
DB01169,P28482,1
DB01119,Q12791,1
DB00975,P27815,1
DB00623,P21728,1
DB01200,P34969,1
DB01224,P08912,1
DB00475,P28472,1
DB00870,P35354,1
DB00524,P55017,1
DB01174,Q13002,1
DB01203,P07550,1
DB01100,Q12809,1
DB00363,P14416,1
DB00457,P35348,1
DB00753,P42261,1
DB00363,P28222,1
DB00268,P14416,1
DB00316,P23219,1
DB01254,P07947,1
DB01156,P23975,1
DB00753,P14867,1
DB00594,P19801,1
DB06216,P28223,1
DB00714,P28335,1
DB00334,P08912,1
DB01095,P04035,1
DB01224,P11229,1
DB00398,P15056,1
DB00780,P21397,1
DB00363,Q9H3N8,1
DB00962,P14867,1
DB00540,P08172,1
DB00364,P02671,1
DB00862,O76074,1
DB00605,P27361,1
DB00413,P35462,1
DB00721,Q9Y5Y9,1
DB00376,P08173,1
DB00396,P03372,1
DB01173,Q8TCU5,1
DB00669,P28222,1
DB01110,P35228,1
DB01254,P29317,1
DB00459,P28702,1
DB00691,P12821,1
DB00768,P29034,1
DB00246,P21728,1
DB00277,P29275,1
DB00908,O00180,1
DB00276,Q12809,1
DB00543,P23975,1
DB01069,P08173,1
DB00870,P23219,1
DB00334,P28335,1
DB01224,P21918,1
DB00246,P21917,1
DB01114,P31645,1
DB00621,P10275,1
DB00734,P28221,1
DB00802,P35372,1
DB00334,P28223,1
DB00963,P35354,1
DB01030,P11387,1
DB00248,P18089,1
DB00433,P14416,1
DB01595,P48169,1
DB00780,P27338,1
DB01104,P31645,1
DB01064,O00459,1
DB01162,P25100,1
DB00184,P30532,1
DB01159,P03886,1
DB01169,P24385,1
DB00191,P27338,1
DB00622,Q01668,1
DB00404,Q8N1C3,1
DB00794,P43681,1
DB00197,P11474,1
DB00969,P46098,1
DB00393,P35869,1
DB00690,Q8N1C3,1
DB00334,P18089,1
DB00268,P18825,1
DB00630,P14324,1
DB00715,P08173,1
DB00499,P35869,1
DB01032,Q9NSA0,1
DB01291,P08588,1
DB01114,Q01959,1
DB01118,O95180,1
DB01577,P23975,1
DB00280,P08172,1
DB01268,P36888,1
DB00907,Q14524,1
DB00472,P31645,1
DB00780,P80404,1
DB01406,P10275,1
DB00683,O14764,1
DB00228,P14867,1
DB01083,P16233,1
DB00829,P28476,1
DB00162,P10745,1
DB01151,P35348,1
DB01200,P21918,1
DB00819,P00918,1
DB00413,P08908,1
DB00721,Q8TCU5,1
DB00363,P18089,1
DB00280,Q9NZV8,1
DB00440,P00374,1
DB00714,P41595,1
DB01220,O75469,1
DB01088,Q07343,1
DB00750,Q14524,1
DB00751,P34969,1
DB00575,P18089,1
DB00475,Q8N1C3,1
DB00216,P28222,1
DB00696,P35368,1
DB00264,P08588,1
DB00605,P15121,1
DB00497,P35372,1
DB00906,P30531,1
DB00434,P11229,1
DB00202,P20309,1
DB00554,P35354,1
DB00413,P18825,1
DB00772,P06276,1
DB00768,P80511,1
DB00401,Q13698,1
DB00201,P30542,1
DB01291,P07550,1
DB00619,P07949,1
DB00293,P04818,1
DB00715,P08172,1
DB00842,P34903,1
DB00388,P25100,1
DB00475,P18507,1
DB00591,P04150,1
DB00733,P06276,1
DB00540,P31645,1
DB00358,P69905,1
DB00475,P24046,1
DB00795,O15111,1
DB00908,Q12809,1
DB00287,P43088,1
DB01050,P35354,1
DB00284,P10253,1
DB00728,P46098,1
DB06216,P28222,1
DB00363,P08173,1
DB00806,P30542,1
DB01019,P08172,1
DB00328,P23219,1
DB00363,P46098,1
DB01195,P35499,1
DB01087,P16083,1
DB00612,P08588,1
DB06287,P42345,1
DB01068,P14867,1
DB00842,P18507,1
DB00795,P37231,1
DB00458,P11229,1
DB00668,P07550,1
DB00541,P07437,1
DB00458,Q9UK17,1
DB00363,P08913,1
DB00458,P25100,1
DB00191,P23975,1
DB00780,Q16853,1
DB00603,P06401,1
DB00542,P12821,1
DB01186,P28221,1
DB00454,Q14957,1
DB01247,P21397,1
DB04896,P31645,1
DB00619,P16234,1
DB01023,Q13698,1
DB00459,P13631,1
DB00247,P41595,1
DB00449,P35348,1
DB00334,P08913,1
DB01217,P11511,1
DB01118,Q12809,1
DB00482,P35354,1
DB00862,Q13956,1
DB01223,P30542,1
DB00586,P23219,1
DB00200,Q99707,1
DB01142,P28335,1
DB00697,Q9Y2I1,1
DB00988,P35462,1
DB00381,Q00975,1
DB01159,P08100,1
DB00715,P31645,1
DB00246,P46098,1
DB00708,P41145,1
DB01050,P23219,1
DB01023,O95180,1
DB01013,P04150,1
DB06216,P35348,1
DB00841,P08588,1
DB01156,Q01959,1
DB00642,P04818,1
DB00315,P28221,1
DB00181,O75899,1
DB01115,Q13698,1
DB00696,P08913,1
DB00321,P08912,1
DB00231,P14867,1
DB00475,P14867,1
DB00307,P48443,1
DB00937,P23975,1
DB00344,P23975,1
DB06274,P41145,1
DB00195,P07550,1
DB00831,Q9NYX4,1
DB00376,P20309,1
DB00393,P08235,1
DB01069,P28223,1
DB01151,P17405,1
DB00246,P50406,1
DB00918,P28222,1
DB00696,P14416,1
DB00186,P14867,1
DB00186,Q99928,1
DB01037,P21397,1
DB00381,Q13698,1
DB01159,Q8TCU5,1
DB01142,P11229,1
DB01241,Q07869,1
DB01195,Q14524,1
DB00714,Q9NYX4,1
DB00904,P08908,1
DB01047,Q99835,1
DB00912,Q09428,1
DB00444,P11388,1
DB01186,P28223,1
DB01149,P35348,1
DB00768,P04271,1
DB01406,P13500,1
DB00909,O95180,1
DB01018,P08913,1
DB01186,P35462,1
DB00573,P35354,1
DB00631,P09884,1
DB00619,Q08345,1
DB01206,Q9H169,1
DB01254,P06241,1
DB00458,P08172,1
DB00674,P22303,1
DB00768,P23297,1
DB00418,P34903,1
DB00476,Q01959,1
DB00696,P28221,1
DB00836,P41143,1
DB00388,P35368,1
DB00983,P07550,1
DB00758,Q9H244,1
DB01238,P21917,1
DB00909,Q99250,1
DB01595,P14867,1
DB00898,P23416,1
DB00188,P28074,1
DB00999,Q16790,1
DB00203,P18545,1
DB01406,P03372,1
DB01260,P04150,1
DB00312,P48169,1
DB01200,P08908,1
DB01143,P22413,1
DB01558,P47870,1
DB01118,P08588,1
DB00268,P41595,1
DB00683,P28476,1
DB00555,Q99250,1
DB00334,P18825,1
DB00176,P31645,1
DB00656,P28335,1
DB01238,P20309,1
DB00897,Q8N1C3,1
DB01238,P28223,1
DB00661,O60840,1
DB01142,P18825,1
DB00925,P35348,1
DB00887,Q9UP95,1
DB01110,Q9H2S1,1
DB00753,Q09470,1
DB01064,Q92569,1
DB01069,P08172,1
DB01159,P59768,1
DB00396,P06401,1
DB00656,P08908,1
DB00734,P35368,1
DB00404,P28472,1
DB01159,O60391,1
DB00273,P39086,1
DB00831,P26447,1
DB00822,P09172,1
DB00543,P08913,1
DB00998,P28221,1
DB01393,Q03181,1
DB06201,P41594,1
DB01088,P00750,1
DB00308,O00180,1
DB00724,Q9NYK1,1
DB00370,P28335,1
DB00999,P00918,1
DB00694,Q02880,1
DB00745,P35368,1
DB01224,P08172,1
DB01149,P31645,1
DB01110,O15554,1
DB00411,Q15822,1
DB01238,P08173,1
DB01558,Q99928,1
DB00829,Q8N1C3,1
DB01193,P08588,1
DB00706,P35348,1
DB00321,O43526,1
DB00408,P21728,1
DB00762,P11387,1
DB00745,Q01959,1
DB00650,P04818,1
DB01098,P04035,1
DB01088,P43119,1
DB01254,P51692,1
DB00907,P31645,1
DB01062,P08172,1
DB01577,P18825,1
DB00661,O00555,1
DB01340,P12821,1
DB00384,P51168,1
DB01159,P14867,1
DB00692,P08913,1
DB00543,P14416,1
DB00818,P47870,1
DB01069,P08912,1
DB00248,P21918,1
DB01014,P09917,1
DB00674,P02708,1
DB01558,P48169,1
DB00704,P41143,1
DB00540,P28223,1
DB00669,P08908,1
DB00571,P28222,1
DB00953,P28221,1
DB01595,P47870,1
DB00273,P00918,1
DB00622,P35348,1
DB00408,P14416,1
DB01224,P35348,1
DB00603,P03372,1
DB00475,P34903,1
DB01238,P08172,1
DB00193,P23975,1
DB01258,P00797,1
DB01394,Q9H4B7,1
DB00540,P08908,1
DB00605,P23219,1
DB00231,P24046,1
DB01238,P35348,1
DB04861,P08588,1
DB00794,P14867,1
DB00756,P00367,1
DB01120,P15692,1
DB00665,P10275,1
DB00191,P31645,1
DB01186,P41595,1
DB00308,Q14654,1
DB01233,P14416,1
DB00331,Q9Y478,1
DB00714,P18089,1
DB00477,P08908,1
DB00652,P41145,1
DB00757,P46098,1
DB00320,P28222,1
DB00661,O00305,1
DB00334,P21917,1
DB00800,P21918,1
DB00321,P31645,1
DB01017,P42574,1
DB00457,P25100,1
DB00674,P32297,1
DB00373,P08588,1
DB01113,Q9Y233,1
DB00349,P14867,1
DB00404,P18507,1
DB00363,P08908,1
DB00668,P08588,1
DB00768,Q99584,1
DB00334,P35368,1
DB01226,Q15822,1
DB06216,P14416,1
DB04896,P23975,1
DB00966,P30556,1
DB00201,P29274,1
DB06711,P35348,1
DB00419,Q16739,1
DB00178,P12821,1
DB00573,P23219,1
DB00842,P47870,1
DB00422,P31645,1
DB01142,P18089,1
DB00715,P23975,1
DB00210,P13631,1
DB00834,P06401,1
DB01224,P35368,1
DB00809,P20309,1
DB00200,Q8IVH4,1
DB00813,P41145,1
DB01151,P08173,1
DB01558,Q8N1C3,1
DB00377,P46098,1
DB01210,P07550,1
DB00842,P24046,1
DB00907,P08172,1
DB00277,P27815,1
DB00337,P62942,1
DB00661,Q14654,1
DB00413,P28223,1
DB00899,P41145,1
DB01196,P11137,1
DB00949,Q13224,1
DB00449,P07550,1
DB01591,P08173,1
DB00543,P11229,1
DB00379,P35869,1
DB01238,P08912,1
DB00721,Q15822,1
DB00697,P18825,1
DB01273,P36544,1
DB01151,P07550,1
DB00756,P09622,1
DB00679,P21728,1
DB01014,P37231,1
DB00480,O14788,1
DB00605,Q03181,1
DB00669,P30939,1
DB01591,P08172,1
DB01067,Q09428,1
DB00408,P28223,1
DB01238,P28221,1
DB00242,Q9NRF9,1
DB00182,Q01959,1
DB00393,O60840,1
DB06216,P18825,1
DB01406,P06401,1
DB00411,P08172,1
DB01043,P46098,1
DB01618,P11229,1
DB00608,Q9NR96,1
DB00683,P34903,1
DB01097,P35869,1
DB00899,P35372,1
DB00586,P09917,1
DB01186,P14416,1
DB00953,P30939,1
DB00590,P25100,1
DB00227,Q92769,1
DB01043,Q8TCU5,1
DB00197,P62508,1
DB00651,P29274,1
DB00799,P28702,1
DB00734,P18089,1
DB00204,Q14500,1
DB05246,O43497,1
DB00368,P18825,1
DB00248,P18825,1
DB00988,Q01959,1
DB00851,P52209,1
DB01014,P35354,1
DB00938,P07550,1
DB00990,P11511,1
DB00351,P06401,1
DB00268,P21917,1
DB06216,P28335,1
DB00363,P08172,1
DB00231,P47870,1
DB06335,P27487,1
DB00813,P35372,1
DB00312,P43681,1
DB00425,P14867,1
DB06216,P07550,1
DB00334,P46098,1
DB01356,P29218,1
DB00598,P35368,1
DB01009,P35354,1
DB00368,P07550,1
DB00502,P35462,1
DB00586,P78348,1
DB01234,P51843,1
DB00624,P10275,1
DB00363,P20309,1
DB00806,P27815,1
DB00318,P41143,1
DB01161,Q8TCU5,1
DB00363,P11229,1
DB01238,P18825,1
DB01023,P02585,1
DB00679,P28223,1
DB00651,Q07343,1
DB01280,P09884,1
DB01200,P28222,1
DB01214,P07550,1
DB00836,P01189,1
DB00530,O75469,1
DB01577,P31645,1
DB00683,P18507,1
DB00640,P30542,1
DB00993,P00492,1
DB01226,P08172,1
DB00184,Q15822,1
DB00193,P41145,1
DB01224,P21917,1
DB00418,P48169,1
DB00988,P09172,1
DB00489,P08588,1
DB01558,P18507,1
DB01427,P01375,1
DB00356,Q12791,1
DB00734,P28335,1
DB06216,P08913,1
DB01254,P12931,1
DB00691,Q9BYF1,1
DB01577,Q01959,1
DB00302,P00747,1
DB00218,P11388,1
DB01224,P46098,1
DB01080,Q9UBS5,1
DB01224,P08913,1
DB00273,P22748,1
DB01221,P25103,1
DB00268,P08908,1
DB01224,P35462,1
DB01623,P14416,1
DB00496,P08172,1
DB00246,P35348,1
DB00996,Q00975,1
DB01151,P11229,1
DB00572,P08912,1
DB00714,P21918,1
DB00454,O15399,1
DB00496,P11229,1
DB00575,P08913,1
DB00734,P14416,1
DB00246,P28222,1
DB00208,Q9H244,1
DB00413,P21917,1
DB00368,P13945,1
DB00320,P41595,1
DB00480,P33151,1
DB00697,P18089,1
DB01142,P25021,1
DB00367,P03372,1
DB01367,P10415,1
DB06800,P41145,1
DB00773,P11388,1
DB00243,Q14524,1
DB00318,P35372,1
DB00897,P48169,1
DB01185,P03372,1
DB00836,P41145,1
DB01136,P35348,1
DB00211,P35348,1
DB01558,P28472,1
DB00187,P08588,1
DB00788,P35354,1
DB00975,O76074,1
DB00571,P08908,1
DB00475,P18505,1
DB00519,P12821,1
DB01142,P08912,1
DB00850,P14416,1
DB00715,P28223,1
DB00327,P35372,1
DB00316,P35354,1
DB00887,P13569,1
DB00318,P41145,1
DB01184,P35462,1
DB01618,P14416,1
DB00371,P14867,1
DB06216,P50406,1
DB06204,P23975,1
DB00361,P07437,1
DB00494,P21964,1
DB00975,P00813,1
DB00307,P28702,1
DB01064,P28482,1
DB01238,P35368,1
DB01041,P21802,1
DB00231,Q8N1C3,1
DB00920,Q07343,1
DB00829,P28472,1
DB00622,Q13936,1
DB00897,O14764,1
DB00363,P35462,1
DB01149,P28223,1
DB00804,P08172,1
DB00608,P09210,1
DB00374,Q03181,1
DB00933,P28223,1
DB01186,P18825,1
DB00690,P24046,1
DB01224,P21728,1
DB00364,P01133,1
DB00897,P34903,1
DB00458,P20309,1
DB00909,Q14524,1
DB01189,P42261,1
DB01059,P11388,1
DB00268,P28335,1
DB00572,P11229,1
DB00835,P08173,1
DB00334,P35348,1
DB01268,P07333,1
DB01079,P41595,1
DB00690,P18507,1
DB00543,P31645,1
DB00450,P14416,1
DB00313,Q9UKV0,1
DB00811,P22413,1
DB00543,P14867,1
DB01233,Q13639,1
DB00292,P14867,1
DB00700,P08235,1
DB01200,P41595,1
DB01017,P99999,1
DB00363,P50406,1
DB00687,P10275,1
DB00652,Q99720,1
DB00227,P20701,1
DB01128,P10275,1
DB01142,P08173,1
DB00905,P34995,1
DB01085,P11229,1
DB00690,P28476,1
DB01623,P21728,1
DB00474,P14867,1
DB01273,P32297,1
DB00907,P11229,1
DB00659,Q8TCU5,1
DB00441,P30085,1
DB00502,P14416,1
DB00418,P14867,1
DB00247,P28223,1
DB00654,P43088,1
DB01184,P14416,1
DB01105,P31645,1
DB00363,P21917,1
DB00289,P31645,1
DB00708,P35372,1
DB00379,Q14524,1
DB00619,P04629,1
DB00205,P00374,1
DB00413,P28222,1
DB01406,P30968,1
DB01224,P14416,1
DB00668,P25100,1
DB01238,P50406,1
DB00909,Q9NY46,1
DB01186,P21917,1
DB01149,Q01959,1
DB01023,P63316,1
DB00795,O14920,1
DB00376,P08912,1
DB00481,Q92731,1
DB01136,Q12809,1
DB00242,Q7LG56,1
DB01174,P36544,1
DB01200,P28223,1
DB00871,P07550,1
DB00371,P48169,1
DB00246,P35462,1
DB00349,O14764,1
DB00964,P08913,1
DB00368,P35368,1
DB00198,Q99519,1
DB00915,Q8TCU5,1
DB00280,P11229,1
DB00418,Q13002,1
DB00357,P11511,1
DB00216,P28221,1
DB00818,P35499,1
DB00734,P28223,1
DB00246,P08173,1
DB00904,P46098,1
DB00907,Q9Y5Y9,1
DB01142,P23975,1
DB00297,P34995,1
DB00285,Q01959,1
DB01224,P18089,1
DB00349,P28476,1
DB00231,Q99928,1
DB00480,P35354,1
DB06800,P35372,1
DB00346,P35348,1
DB00831,P63316,1
DB01224,P28335,1
DB00268,P28222,1
DB00296,Q9Y5Y9,1
DB00268,P21918,1
DB01337,Q15822,1
DB00368,P08588,1
DB00740,Q14524,1
DB00986,P11229,1
DB00559,P24530,1
DB01036,P08172,1
DB01337,P08172,1
DB00344,P31645,1
DB00497,P41143,1
DB00799,P10276,1
DB00320,P08913,1
DB00818,P28472,1
DB01623,P28223,1
DB00458,P28223,1
DB00883,P16066,1
DB00991,P35354,1
DB00228,Q12791,1
DB01068,P18507,1
DB01595,O14764,1
DB00521,P08588,1
DB00572,P08173,1
DB00184,P30926,1
DB00690,P14867,1
DB00308,Q12809,1
DB00193,P28335,1
DB00714,P21728,1
DB00393,Q01668,1
DB00594,P37088,1
DB01023,Q01668,1
DB01062,P20309,1
DB00668,P35368,1
DB00333,P41143,1
DB00248,P34969,1
DB00321,Q09470,1
DB00714,P21917,1
DB01273,P43681,1
DB00349,Q99928,1
DB00334,P11229,1
DB06204,P41143,1
DB00714,P28223,1
DB01224,P50406,1
DB00248,P41595,1
DB00381,Q08289,1
DB00288,P04083,1
DB00181,Q9UBS5,1
DB01105,Q01959,1
DB00835,P08912,1
DB00215,P31645,1
DB01115,Q08289,1
DB01183,P03372,1
DB00683,P47870,1
DB01200,P28335,1
DB01200,P35348,1
DB00334,P21728,1
DB01142,P08913,1
DB01612,P16066,1
DB01595,P34903,1
DB00413,P28221,1
DB00203,O76074,1
DB00434,P28335,1
DB00836,O00555,1
DB00461,P35354,1
DB00264,P07550,1
DB00230,O00555,1
DB00231,P28472,1
DB00327,P41145,1
DB00839,P48048,1
DB00829,P34903,1
DB00540,P08912,1
DB00640,P29275,1
DB01595,Q99928,1
DB01023,P54750,1
DB00502,P21728,1
DB01169,P05412,1
DB01173,Q9Y5Y9,1
DB00374,P43119,1
DB00533,P35354,1
DB06212,P30518,1
DB00321,Q9UK17,1
DB01229,Q9H4B7,1
DB00905,P43115,1
DB00349,P34903,1
DB01068,P18505,1
DB01558,P18505,1
DB00794,P48169,1
DB00191,P21397,1
DB00622,P20309,1
DB01067,P37231,1
DB00622,P08172,1
DB00404,P14867,1
DB01226,P20309,1
DB00929,P43116,1
DB06204,P46098,1
DB01162,P35348,1
DB00382,P22303,1
DB00334,P28222,1
DB00548,P14679,1
DB00351,P04150,1
DB00398,P35916,1
DB00988,P14416,1
DB00806,Q07343,1
DB06274,P41143,1
DB01200,P28221,1
DB00897,P24046,1
DB01364,P23975,1
DB00622,P35368,1
DB00246,P08913,1
DB00398,P35968,1
DB00909,P00918,1
DB00586,O43525,1
DB00897,P18507,1
DB01200,P18825,1
DB00673,P25103,1
DB00841,P07550,1
DB00731,P37231,1
DB00795,P23219,1
DB01142,P14416,1
DB00368,P25100,1
DB01577,P21397,1
DB01142,P31645,1
DB00904,P28222,1
DB01119,P00918,1
DB00961,Q9Y5Y9,1
DB01242,P41595,1
DB00184,P32297,1
DB00630,P38606,1
DB00368,P35348,1
DB00312,Q13002,1
DB01088,P34995,1
DB00814,P35354,1
DB00561,O14649,1
DB06216,P08588,1
DB01104,Q01959,1
DB01006,P11511,1
DB00869,P00918,1
DB00690,P34903,1
DB00490,P14416,1
DB01087,P08729,1
DB00988,P21728,1
DB00518,Q71U36,1
DB00703,P00918,1
DB00683,P28472,1
DB00909,O43497,1
DB00968,P08913,1
DB00590,Q12809,1
DB01069,P35348,1
DB00594,P78348,1
DB06204,P41145,1
DB00334,P35462,1
DB01157,P00374,1
DB01236,P03886,1
DB00905,P42330,1
DB01200,P18089,1
DB00502,P28223,1
DB01215,P18505,1
DB00242,P09884,1
DB00790,P12821,1
DB00835,P20309,1
DB00679,P35368,1
DB00648,P15538,1
DB00491,O43451,1
DB06216,P41595,1
DB00909,P27338,1
DB01185,P10275,1
DB00376,P08172,1
DB00222,Q14654,1
DB00979,P11229,1
DB01142,P35368,1
DB00619,P07333,1
DB00346,P25100,1
DB01174,P48169,1
DB01186,P08913,1
DB00674,P17787,1
DB00674,P43681,1
DB00952,P28222,1
DB01268,P16234,1
DB00721,P46098,1
DB01224,P08908,1
DB01400,P22303,1
DB00978,P11388,1
DB01068,P30536,1
DB01064,P13945,1
DB00539,P03372,1
DB00228,P03886,1
DB00661,P54284,1
DB00776,Q14524,1
DB00829,P18505,1
DB01409,P20309,1
DB00404,P34903,1
DB00808,P51787,1
DB00952,P30939,1
DB00477,P35348,1
DB01158,P05023,1
DB01047,P04150,1
DB00925,P18089,1
DB00418,P42262,1
DB00590,P35368,1
DB00363,P34969,1
DB00751,P25021,1
DB00909,Q9NY72,1
DB01142,P08908,1
DB00371,P34903,1
DB00381,Q13936,1
DB01173,Q05586,1
DB00897,P47870,1
DB00248,P28221,1
DB00580,P35354,1
DB00669,P28221,1
DB00384,P51172,1
DB01085,P08172,1
DB00872,P30518,1
DB01215,Q8N1C3,1
DB00598,P07550,1
DB00321,P25100,1
DB01101,P04818,1
DB00850,P21728,1
DB01215,P14867,1
DB00532,Q14524,1
DB00619,P09619,1
DB00418,P36544,1
DB00836,P35372,1
DB00842,P28476,1
DB00585,P25021,1
DB00050,P22888,1
DB00904,Q13639,1
DB00714,P28221,1
DB00864,P62942,1
DB01149,P28335,1
DB00953,P28222,1
DB01151,P20309,1
DB00335,P08588,1
DB00227,P04035,1
DB01041,P35354,1
DB00281,Q9Y5Y9,1
DB00897,Q99928,1
DB00683,P48169,1
DB00310,Q13621,1
DB06216,P25021,1
DB01162,Q12809,1
DB01238,P28222,1
DB01110,Q12791,1
DB01193,P07550,1
DB00924,P28223,1
DB00363,P18825,1
DB00312,P34903,1
DB00615,P14625,1
DB00186,P48169,1
DB00674,P36544,1
DB01151,P28223,1
DB01242,P23975,1
DB00572,P20309,1
DB01132,P37231,1
DB01238,P35462,1
DB00162,P09455,1
DB00246,P20309,1
DB00674,P30926,1
DB00358,P29274,1
DB00327,P41143,1
DB00586,P35499,1
DB00809,P11229,1
DB01200,P25100,1
DB01248,P10415,1
DB00363,P35348,1
DB01224,P28222,1
DB01183,P41145,1
DB00960,P08588,1
DB00288,P04150,1
DB01073,P09884,1
DB00999,O43570,1
DB00349,P18505,1
DB01215,P34903,1
DB00490,P08908,1
DB04845,Q13509,1
DB00401,Q13936,1
DB00198,P23141,1
DB00763,P07202,1
DB01069,P20309,1
DB00297,Q9Y5Y9,1
DB00540,P25100,1
DB00231,P34903,1
DB06212,P37288,1
DB01151,P08912,1
DB01186,P35348,1
DB00475,P28476,1
DB00242,P31350,1
DB00989,P22303,1
DB00784,P35354,1
DB01204,P11388,1
DB01151,P31645,1
DB01186,P35368,1
DB00683,P24046,1
DB00586,P35354,1
DB00246,P08912,1
DB00788,P23219,1
DB01165,P11388,1
DB00175,P04035,1
DB00421,P08235,1
DB00683,P14867,1
DB00728,P08172,1
DB00521,P07550,1
DB01242,P31645,1
DB00714,P28222,1
DB01224,P08173,1
DB01268,P17948,1
DB00373,P07550,1
DB04844,Q05940,1
DB00363,P21728,1
DB01068,P28472,1
DB00246,P14416,1
DB00349,Q8N1C3,1
DB00334,P20309,1
DB01238,P08908,1
DB00496,P08173,1
DB01149,P08913,1
DB00321,P08172,1
DB01210,P08588,1
DB01618,P08908,1
DB00829,Q99928,1
DB00370,P28223,1
DB00404,Q99928,1
DB00929,P43115,1
DB00422,Q01959,1
DB00454,Q13224,1
DB00794,P42262,1
DB00703,P22748,1
DB01159,O15554,1
DB00458,P31645,1
DB01236,P14867,1
DB01023,Q08289,1
DB01169,P27361,1
DB00863,P25021,1
DB00727,P16066,1
DB00248,P08913,1
DB00349,P48169,1
DB00197,Q99808,1
DB00844,P41145,1
DB01364,P35348,1
DB01595,P28476,1
DB01224,P34969,1
DB00398,P36888,1
DB00683,P18505,1
DB01143,P10696,1
DB01194,P22748,1
DB01238,P11229,1
DB00393,Q13698,1
DB01017,P29466,1
DB01076,P35869,1
DB00651,Q08499,1
DB00690,P47870,1
DB01268,P10721,1
DB00668,P08913,1
DB00952,P28221,1
DB01119,Q14654,1
DB00783,O75469,1
DB00477,P35368,1
DB01012,P41180,1
DB00721,Q01959,1
DB00350,P48048,1
DB01174,P43681,1
DB00799,P13631,1
DB00898,P00326,1
DB00404,P18505,1
DB00927,P25021,1
DB00897,P28476,1
DB01378,P05023,1
DB00541,P68366,1
DB00475,P47870,1
DB00540,P23975,1
DB00484,P08913,1
DB00696,P35348,1
DB01410,P04150,1
DB01041,P01375,1
DB01005,P23921,1
DB01014,P23219,1
DB00404,O14764,1
DB01115,Q01668,1
DB00659,Q14416,1
DB00321,P41145,1
DB00715,P08912,1
DB00611,P35372,1
DB00598,P08588,1
DB00674,Q15822,1
DB00732,Q15822,1
DB00887,Q13621,1
DB01036,P20309,1
DB00804,P11229,1
DB01159,P48549,1
DB00401,Q08289,1
DB00477,P28223,1
DB00246,P08172,1
DB00247,P34969,1
DB00842,Q8N1C3,1
DB00622,P08173,1
DB00844,P41143,1
DB00683,Q8N1C3,1
DB00733,P22303,1
DB01189,P03886,1
DB01029,P05412,1
DB00920,P27815,1
DB00915,P14416,1
DB00518,P68371,1
DB00491,P10253,1
DB00248,P08908,1
DB00228,P42261,1
DB00806,O76074,1
DB00499,P10275,1
DB01577,P08913,1
DB00337,P42345,1
DB00413,P21918,1
DB00418,P43681,1
DB01356,P42263,1
DB01105,P23975,1
DB01205,P14867,1
DB00216,P30939,1
DB00661,P31645,1
DB00390,P05023,1
DB00842,P18505,1
DB00191,Q01959,1
DB00683,Q99928,1
DB01224,P28223,1
DB00740,Q9UPY5,1
DB00594,P51172,1
DB01110,Q16558,1
DB04861,P07550,1
DB01064,P27986,1
DB01577,P18089,1
DB01039,O60882,1
DB00630,P23469,1
DB00695,P00918,1
DB00459,P09455,1
DB01577,Q05940,1
DB01068,Q99928,1
DB00201,Q07343,1
DB00434,P28223,1
DB00431,P23416,1
DB00349,P28472,1
DB00285,P23975,1
DB00999,Q12791,1
DB00246,P28335,1
DB01017,P09917,1
DB00811,P49902,1
DB00872,P37288,1
DB00661,Q12809,1
DB00431,P48167,1
DB01238,P46098,1
DB01177,P11388,1
DB00252,Q14524,1
DB00661,Q14524,1
DB00248,P28223,1
DB01068,P24046,1
DB01079,P28223,1
DB01218,Q12809,1
DB01073,P23921,1
DB06274,P35372,1
DB00242,P56282,1
DB00268,P18089,1
DB00246,P21918,1
DB01136,P17302,1
DB01254,P09619,1
DB00988,P21918,1
DB00696,P25100,1
DB00273,P14867,1
DB00323,P21964,1
DB01618,P28223,1
DB00186,P28476,1
DB00631,P23921,1
DB00295,P41143,1
DB00540,P08173,1
DB00186,P18507,1
DB00842,Q99928,1
DB01611,Q9NR96,1
DB00820,O76074,1
DB00687,P08235,1
DB00349,P47870,1
DB00831,P14416,1
DB01115,O95180,1
DB00276,P11388,1
DB00384,P51170,1
DB01364,P22303,1
DB01088,Q08499,1
DB06216,P21728,1
DB00690,Q99928,1
DB00611,P41143,1
DB00714,P18825,1
DB00328,P35354,1
DB00202,P08172,1
DB01088,P27815,1
DB00661,O43497,1
DB00458,P35348,1
DB01196,Q92731,1
DB01183,P41143,1
DB00731,Q09428,1
DB01268,P35968,1
DB01247,P27338,1
DB06204,P35372,1
DB00668,P18089,1
DB00547,P04150,1
DB00952,P08908,1
DB01182,Q14524,1
DB01238,P14416,1
DB06228,P00742,1
DB00502,Q13224,1
DB01115,Q13936,1
DB00898,P07327,1
DB00280,Q9UK17,1
DB01215,P28472,1
DB00800,P18089,1
DB06695,P00734,1
DB01337,P20309,1
DB00608,P01375,1
DB00590,P35348,1
DB00795,P09917,1
DB01591,P20309,1
DB00295,P35372,1
DB00784,P23219,1
DB00751,P35348,1
DB00200,P22033,1
DB00185,P11229,1
DB01083,P49327,1
DB00282,P14324,1
DB00661,Q13698,1
DB00615,P07900,1
DB00897,P14867,1
DB01068,P34903,1
DB00231,P48169,1
DB00248,P21917,1
DB01577,P27338,1
DB00280,P20309,1
DB01130,P04150,1
DB01186,P21918,1
DB00321,P08908,1
DB00188,P49721,1
DB00481,P03372,1
DB01234,P04083,1
DB00446,P08174,1
DB00321,Q9NZV8,1
DB00404,P28476,1
DB01041,P19838,1
DB00231,P28476,1
DB06710,P10275,1
DB01159,O14649,1
DB00960,P28222,1
DB00714,P14416,1
DB00563,P00374,1
DB01200,P35368,1
DB01136,P16860,1
DB00881,P12821,1
DB00695,Q13621,1
DB00734,P08908,1
DB01142,P25100,1
DB00186,P24046,1
DB00869,P22748,1
DB00246,P35368,1
DB00714,P35462,1
DB00904,P35372,1
DB01173,O60391,1
DB00586,O43526,1
DB00678,P30556,1
DB01215,P28476,1
DB00696,P23975,1
DB01142,P08172,1
DB00486,P21554,1
DB00795,Q9UPY5,1
DB00246,P08908,1
DB00622,P08912,1
DB00989,P06276,1
DB00783,P03372,1
DB00334,P28221,1
DB00268,P21728,1
DB00980,P48039,1
DB00398,P09619,1
DB01110,Q12809,1
DB00492,P12821,1
DB00806,P21589,1
DB01043,Q13224,1
DB00328,P37231,1
DB00998,P28222,1
DB00960,P08908,1
DB00216,P34969,1
DB01162,P35368,1
DB01254,P10721,1
DB00533,P15502,1
DB01009,P25024,1
DB00321,P04629,1
DB01200,P21917,1
DB00413,P18089,1
DB00396,P05093,1
DB00909,Q07699,1
DB01076,P04035,1
DB01364,Q05940,1
DB00909,O43570,1
DB00321,P08173,1
DB00661,Q13936,1
DB00897,P30536,1
DB00909,P23280,1
DB00186,P47870,1
DB00842,P48169,1
DB00334,P21918,1
DB00635,P04150,1
DB00180,P04150,1
DB00690,P28472,1
DB00819,P07451,1
DB00210,P10276,1
DB00642,P31939,1
DB00818,Q99250,1
DB06216,P18089,1
DB00829,O14764,1
DB00819,P22748,1
DB00651,P30542,1
DB01110,P29474,1
DB00465,P23219,1
DB00280,Q14524,1
DB00903,P05023,1
DB00619,P10721,1
DB00482,O15530,1
DB00242,P00491,1
DB00612,P07550,1
DB00715,P11229,1
DB01194,P00918,1
DB00222,Q09428,1
DB00363,Q9NYX4,1
DB00242,Q9NR33,1
DB01242,P28335,1
DB00185,P20309,1
DB01085,P20309,1
DB01409,P08172,1
DB00459,P10826,1
DB00363,P28335,1
DB01161,Q01959,1
DB00364,P09038,1
DB00277,O76074,1
DB00714,P08913,1
DB00363,P28223,1
DB00749,P19793,1
DB01186,P08908,1
DB01214,P08588,1
DB00367,P10275,1
DB00661,Q01668,1
DB01017,P01584,1
DB01238,P34969,1
DB00315,P08908,1
DB01205,P18507,1
DB00920,P52209,1
DB00844,P35372,1
DB01142,P20309,1
DB01238,P21918,1
DB00248,P28335,1
DB01198,P34903,1
DB01024,P12268,1
DB00461,P23219,1
DB00363,P35368,1
DB00706,P25100,1
DB00602,P28472,1
DB00656,P08913,1
DB00734,P21728,1
DB00960,P07550,1
DB01229,P10415,1
DB00899,P41143,1
DB00909,Q16790,1
DB00690,P48169,1
DB00749,P35354,1
DB00897,P28472,1
DB04839,P10275,1
DB00829,P24046,1
DB00734,P35462,1
DB00641,P04035,1
DB00334,P14416,1
DB00277,Q07343,1
DB00210,P10826,1
DB00530,P00533,1
DB00706,P35368,1
DB01186,P25100,1
DB00496,P08912,1
DB00370,P08913,1
DB00216,P08908,1
DB00842,P14867,1
DB00388,P35348,1
DB00648,P10109,1
DB00887,P55011,1
DB00324,P04150,1
DB00197,P37231,1
DB01039,Q07869,1
DB00315,P30939,1
DB00696,P28223,1
DB01656,P27815,1
DB01136,P08588,1
DB00819,P29972,1
DB01215,P47870,1
DB00367,P06401,1
DB00349,P24046,1
DB00321,P08913,1
DB00622,Q08289,1
DB01151,P08172,1
DB01185,P04150,1
DB00829,P47870,1
DB01611,Q9NYK1,1
DB00242,Q07864,1
DB00659,Q14832,1
DB00186,P30536,1
DB00909,P35219,1
DB00692,P35348,1
DB01142,P35348,1
DB00431,P18505,1
DB00571,P08588,1
DB00246,P34969,1
DB00308,Q13936,1
DB00594,P00749,1
DB00458,P08912,1
DB00458,P08173,1
DB00537,P11388,1
DB00586,P14555,1
DB00996,P30542,1
DB01017,P15692,1
DB00381,Q01668,1
DB00708,P41143,1
DB00903,Q13621,1
DB00543,P35348,1
DB00657,Q15822,1
DB06209,Q9H244,1
DB00909,P35499,1
DB00222,P48048,1
DB00680,Q14524,1
DB00398,P04049,1
DB01119,P55017,1
DB01254,P42684,1
DB00622,P25100,1
DB00751,P08913,1
DB00231,P18505,1
DB00642,P22102,1
DB00202,P11229,1
DB00679,Q12809,1
DB00457,Q12809,1
DB01238,P08913,1
DB00679,P14416,1
DB01200,P14416,1
DB00248,P14416,1
DB00210,P48443,1
DB00458,Q9NZV8,1
DB01151,P23975,1
DB00593,O43497,1
DB00334,P08173,1
DB01097,Q14289,1
DB00489,Q12809,1
DB01149,P08908,1
DB00835,P08172,1
DB00486,P34972,1
DB01595,Q8N1C3,1
DB01393,P37231,1
DB00321,P28223,1
DB01268,P09619,1
DB00800,P08913,1
DB01068,O14764,1
DB01254,P00519,1
DB00630,P29074,1
DB00674,P06276,1
DB00918,P28221,1
DB01222,P04150,1
DB00459,P48443,1
DB00572,P08172,1
DB00288,P36959,0
DB00181,P17050,0
DB00344,P67775,0
DB00289,P20645,0
DB00316,P16070,0
DB00477,P20248,0
DB00337,Q13554,0
DB00318,Q02750,0
DB00481,P01009,0
DB00285,P55210,0
DB00561,Q9BVJ7,0
DB00530,Q96GD3,0
DB00554,P26572,0
DB00497,P01138,0
DB00350,P36897,0
DB00358,P80192,0
DB00297,P48735,0
DB00382,P63027,0
DB00288,Q9NR82,0
DB00182,Q9GZU7,0
DB00486,P49146,0
DB00461,O95838,0
DB00477,O75116,0
DB00480,P49821,0
DB00200,Q9HCP0,0
DB00367,O95838,0
DB00521,O43708,0
DB00422,P32927,0
DB00554,P02792,0
DB00477,P19235,0
DB00482,P35557,0
DB00465,Q8NFW8,0
DB00450,O14832,0
DB00561,O75116,0
DB00371,P07998,0
DB00379,Q5VZ30,0
DB00480,Q8N9I0,0
DB00327,P17050,0
DB00484,P09958,0
DB00500,P30988,0
DB00307,P54710,0
DB00273,P34741,0
DB00450,P34741,0
DB00373,P07686,0
DB00198,P63096,0
DB00288,P09693,0
DB00379,O60882,0
DB00465,P26572,0
DB00368,Q12756,0
DB00465,P35749,0
DB00247,Q15418,0
DB00350,Q12866,0
DB00211,P35346,0
DB00461,P22455,0
DB00422,Q9NS18,0
DB00497,Q99714,0
DB00484,P30419,0
DB00461,P30405,0
DB00337,P49247,0
DB00500,Q8NFW8,0
DB00521,P11488,0
DB00313,Q9NY65,0
DB00425,P49588,0
DB00316,O95838,0
DB00497,P15104,0
DB00518,P50416,0
DB00481,P24666,0
DB00288,Q9UNN8,0
DB00307,P22830,0
DB00379,P48551,0
DB00288,P45844,0
DB00204,P30613,0
DB00242,P23743,0
DB00559,Q04759,0
DB00491,P30613,0
DB00379,P14778,0
DB00327,Q13126,0
DB00586,P60900,0
DB00367,P36405,0
DB00276,P35241,0
DB00481,O76083,0
DB00521,Q08462,0
DB00289,P24666,0
DB00379,O14832,0
DB00288,P56556,0
DB00461,P49821,0
DB00316,Q15119,0
DB00288,P14735,0
DB00422,P22234,0
DB00327,P61587,0
DB00295,P29803,0
DB00371,P45844,0
DB00288,Q16651,0
DB00289,P10620,0
DB00497,P31751,0
DB00350,P02746,0
DB00481,O00187,0
DB00559,P19971,0
DB00307,P46459,0
DB00357,O60568,0
DB00379,Q08257,0
DB00195,Q12797,0
DB00204,O14717,0
DB00440,Q99735,0
DB00204,Q04759,0
DB00316,Q96KC2,0
DB00480,P01270,0
DB00425,P10912,0
DB00280,Q04759,0
DB00521,P42892,0
DB00195,Q9Y286,0
DB00482,P16070,0
DB00337,P49821,0
DB00374,P01023,0
DB00381,P01308,0
DB00277,P25789,0
DB00461,P20138,0
DB00465,O15511,0
DB00198,Q9UNA0,0
DB00295,P35241,0
DB00573,Q03013,0
DB00379,P52732,0
DB00481,O75865,0
DB00477,P31751,0
DB00496,Q9Y5Y6,0
DB00162,P25789,0
DB00491,P08311,0
DB00497,P02794,0
DB00182,P23378,0
DB00337,P34741,0
DB00292,P30559,0
DB00379,P06576,0
DB00182,P09874,0
DB00461,P16070,0
DB00289,Q96GA7,0
DB00357,O14732,0
DB00281,P01023,0
DB00202,Q9Y5Y6,0
DB00337,P13929,0
DB00370,P17936,0
DB00316,P29460,0
DB00465,Q15119,0
DB00561,P41250,0
DB00482,P11021,0
DB00484,P14061,0
DB00573,P51649,0
DB00204,P10600,0
DB00561,P54710,0
DB00440,P53355,0
DB00313,P33681,0
DB00379,Q9BQE3,0
DB00561,Q92831,0
DB00351,P07686,0
DB00185,P09958,0
DB00481,P17936,0
DB00401,P35243,0
DB00050,Q9UNN8,0
DB00490,Q15661,0
DB00500,P24666,0
DB00396,P62745,0
DB00292,Q00536,0
DB00371,Q04759,0
DB00288,P01137,0
DB00204,P19883,0
DB00297,P45844,0
DB00367,Q9HCP0,0
DB00521,P11168,0
DB00481,P05154,0
DB00379,P49419,0
DB00379,Q9NR19,0
DB00318,P17050,0
DB00313,Q9NS18,0
DB00184,Q08462,0
DB00358,Q8N142,0
DB00201,P21731,0
DB00327,Q7Z406,0
DB00316,Q03013,0
DB00440,O60603,0
DB00295,P17050,0
DB00182,P17342,0
DB00318,P32418,0
DB00295,Q16773,0
DB00379,P05113,0
DB00379,P45844,0
DB00289,P60900,0
DB00182,P22234,0
DB00561,P08311,0
DB00334,O60882,0
DB00211,O60882,0
DB00371,P01023,0
DB00421,Q9Y286,0
DB00289,P51553,0
DB00313,O14786,0
DB00327,Q02750,0
DB00373,P20594,0
DB00316,P35749,0
DB00285,Q9UGN5,0
DB00313,P17936,0
DB00381,P11177,0
DB00440,P15104,0
DB00211,P17050,0
DB00476,Q9UGN5,0
DB00211,P01023,0
DB00371,Q9BVJ7,0
DB00594,Q5VZ30,0
DB00288,P01023,0
DB00381,P06731,0
DB00465,P34741,0
DB00264,P46459,0
DB00288,P14778,0
DB00500,P34741,0
DB00481,Q9Y5Y6,0
DB00333,P07766,0
DB00598,P17936,0
DB00477,O60882,0
DB00421,P62750,0
DB00379,Q9UQM7,0
DB00307,P13726,0
DB00350,P13726,0
DB00316,P51178,0
DB00307,P30084,0
DB00288,P21549,0
DB00307,Q9UQF2,0
DB00182,O75600,0
DB00379,Q9Y678,0
DB00327,Q07817,0
DB00316,P26572,0
DB00500,P12236,0
DB00307,P09417,0
DB00554,Q15119,0
DB00573,P51178,0
DB00333,P09669,0
DB00465,Q13133,0
DB00308,Q08462,0
DB00198,P08246,0
DB00297,P18509,0
DB00277,P08514,0
DB00521,P02778,0
DB00482,Q9NPH2,0
DB00313,P17600,0
DB00422,P67775,0
DB00521,Q8N9I0,0
DB00320,P07384,0
DB00182,O14786,0
DB00486,P42892,0
DB00358,Q96KC2,0
DB00461,P36897,0
DB00288,Q9UQM7,0
DB00491,P12429,0
DB00371,P35557,0
DB00195,P07686,0
DB00367,P17936,0
DB00476,P67775,0
DB00465,P18085,0
DB00465,P20138,0
DB00586,Q00536,0
DB00421,P01023,0
DB00491,P11177,0
DB00344,P27824,0
DB00242,P53355,0
DB00162,P05106,0
DB00482,P47985,0
DB00358,Q13126,0
DB00248,P23743,0
DB00188,P01137,0
DB00313,P45844,0
DB00222,P49588,0
DB00458,P55210,0
DB00281,P18509,0
DB00598,P01023,0
DB00182,P16109,0
DB00401,O60678,0
DB00288,P04637,0
DB00289,P16581,0
DB00480,P09238,0
DB00490,Q15418,0
DB00198,P23381,0
DB00450,P19235,0
DB00358,P11488,0
DB00181,P11168,0
DB00182,Q16836,0
DB00476,Q96I99,0
DB00288,Q8IWL2,0
DB00491,P55210,0
DB00486,Q9UBX1,0
DB00554,Q13133,0
DB00500,P13051,0
DB00368,P34741,0
DB00440,P35626,0
DB00476,Q9NS18,0
DB00449,P29460,0
DB00297,P34741,0
DB00500,Q08828,0
DB00490,P35030,0
DB00379,P32239,0
DB00561,Q13526,0
DB00440,P78368,0
DB00465,P13051,0
DB00500,P49821,0
DB00318,Q7Z406,0
DB00344,P08559,0
DB00337,P21549,0
DB00518,O14732,0
DB00559,P49888,0
DB00307,P78536,0
DB00350,Q01362,0
DB00379,P05106,0
DB00295,Q13126,0
DB00313,P18085,0
DB00358,O43617,0
DB00421,Q96GD0,0
DB00289,Q13131,0
DB00461,P67775,0
DB00379,P30044,0
DB00554,P16070,0
DB00440,P61769,0
DB00573,P01138,0
DB00425,P61587,0
DB00182,P02787,0
DB00465,P51649,0
DB00182,P18085,0
DB00561,P23743,0
DB00559,P09848,0
DB00222,P11488,0
DB00500,P28070,0
DB00486,P30041,0
DB00571,P01308,0
DB00484,P49916,0
DB00203,O43772,0
DB00351,Q13126,0
DB00318,Q7L0J3,0
DB00277,P46926,0
DB00162,P30988,0
DB00344,P50281,0
DB00554,P30988,0
DB00425,P07998,0
DB00554,P06744,0
DB00349,Q04759,0
DB00486,P27695,0
DB00450,O60882,0
DB00425,P49888,0
DB00482,P20138,0
DB00379,P04626,0
DB00477,P32119,0
DB00481,P12277,0
DB00491,P18509,0
DB00289,P67775,0
DB00344,P31949,0
DB00373,P42892,0
DB00292,P30273,0
DB00491,P05106,0
DB00204,P20810,0
DB00408,P45844,0
DB00401,P11177,0
DB00316,Q8NFW8,0
DB00461,P26572,0
DB00561,O14786,0
DB00573,P49913,0
DB00481,P49356,0
DB00222,P08631,0
DB00371,P09958,0
DB00288,P09958,0
DB00461,P11233,0
DB00358,Q9Y234,0
DB00376,Q04759,0
DB00530,Q9NR82,0
DB00490,P23743,0
DB00482,P51659,0
DB00292,P09958,0
DB00554,P13726,0
DB00572,P35557,0
DB00401,P10606,0
DB00500,P22455,0
DB00367,O43175,0
DB00264,Q9BY41,0
DB00292,P45844,0
DB00379,P49888,0
DB00376,Q9Y5Y6,0
DB00344,P55210,0
DB00481,Q08462,0
DB00481,Q92947,0
DB00559,P18509,0
DB00440,P22234,0
DB00477,P08514,0
DB00573,P08700,0
DB00344,P09848,0
DB00561,P22455,0
DB00289,P50440,0
DB00491,P00746,0
DB00357,P24666,0
DB00318,Q99714,0
DB00396,Q07817,0
DB00480,P18509,0
DB00198,P45452,0
DB00465,P01138,0
DB00350,O43293,0
DB00571,Q9Y286,0
DB00364,P23743,0
DB00316,P13073,0
DB00350,P01024,0
DB00318,P15104,0
DB00461,P02792,0
DB00573,P06744,0
DB00204,O60896,0
DB00337,O60760,0
DB00292,Q6YP21,0
DB00530,Q8IVA8,0
DB00327,P40238,0
DB00313,P32239,0
DB00554,P09874,0
DB00182,P09622,0
DB00559,Q9NRE1,0
DB00561,Q01362,0
DB00316,P60900,0
DB00327,Q13362,0
DB00185,P45983,0
DB00554,P22455,0
DB00573,O15511,0
DB00379,P63092,0
DB00379,P09622,0
DB00486,P02792,0
DB00350,O75438,0
DB00182,P17174,0
DB00500,P51649,0
DB00222,Q13362,0
DB00541,P19971,0
DB00273,P31751,0
DB00368,P45452,0
DB00313,P78536,0
DB00344,Q14032,0
DB00379,P30559,0
DB00247,P41743,0
DB00346,P63208,0
DB00277,P51151,0
DB00381,P45844,0
DB00264,P07686,0
DB00465,P53355,0
DB00307,Q13126,0
DB00350,Q13133,0
DB00288,O14717,0
DB00482,P34913,0
DB00285,P11766,0
DB00292,P50416,0
DB00288,Q9NR19,0
DB00350,P14778,0
DB00379,P17213,0
DB00281,P04062,0
DB00540,P01023,0
DB00594,P01138,0
DB00573,P35749,0
DB00461,Q03013,0
DB00182,P23743,0
DB00598,P17050,0
DB00295,P49257,0
DB00162,O00763,0
DB00318,Q13554,0
DB00421,P13051,0
DB00295,P18509,0
DB00486,Q9HCP0,0
DB00371,P12236,0
DB00182,P11488,0
DB00408,O14939,0
DB00530,P45983,0
DB00384,Q13126,0
DB00182,P13727,0
DB00393,Q13126,0
DB00490,P09238,0
DB00571,P11488,0
DB00288,Q13554,0
DB00518,P47929,0
DB00421,P41240,0
DB00440,P34741,0
DB00204,Q13362,0
DB00281,Q5VZ30,0
DB00344,Q96KC2,0
DB00295,Q16836,0
DB00431,Q13126,0
DB00500,P18085,0
DB00459,P21549,0
DB00297,P01308,0
DB00573,P20138,0
DB00316,P11233,0
DB00288,P11488,0
DB00554,P12236,0
DB00371,Q6YP21,0
DB00358,P49368,0
DB00561,P19235,0
DB00490,Q16566,0
DB00379,Q5T6L4,0
DB00350,P60900,0
DB00465,P35270,0
DB00313,O75865,0
DB00327,P35241,0
DB00350,Q9Y286,0
DB00573,Q96C36,0
DB00477,P32927,0
DB00292,P31751,0
DB00554,P67775,0
DB00193,P49913,0
DB00162,P06744,0
DB00289,P55210,0
DB00586,P01138,0
DB00561,Q8NEB9,0
DB00292,P45877,0
DB00476,P55210,0
DB00573,P67775,0
DB00328,P02792,0
DB00351,P29803,0
DB00481,Q07817,0
DB00431,O14786,0
DB00321,P01023,0
DB00500,Q03013,0
DB00459,Q9UQF2,0
DB00327,P29803,0
DB00185,Q06124,0
DB00476,Q96GA7,0
DB00182,P50579,0
DB00344,P32927,0
DB00381,P01023,0
DB00373,Q08462,0
DB00182,Q08462,0
DB00573,P26572,0
DB00288,P55210,0
DB00198,P05106,0
DB00461,P24666,0
DB00422,P13726,0
DB00465,P16070,0
DB00459,P12259,0
DB00461,P13073,0
DB00285,Q96GA7,0
DB00203,P11177,0
DB00586,Q15418,0
DB00288,P17936,0
DB00191,P14061,0
DB00598,P20594,0
DB00393,Q13554,0
DB00227,P22234,0
DB00295,Q07817,0
DB00590,Q5VZ30,0
DB00277,P24941,0
DB00561,P36873,0
DB00327,Q9H228,0
DB00465,P30988,0
DB00288,Q16270,0
DB00316,P30405,0
DB00321,P18509,0
DB00543,P13726,0
DB00337,P08758,0
DB00288,P36021,0
DB00382,P30405,0
DB00247,P07766,0
DB00491,P23528,0
DB00288,P14061,0
DB00554,P01138,0
DB00465,P60900,0
DB00350,P11488,0
DB00344,P32119,0
DB00561,P49888,0
DB00502,P17342,0
DB00518,Q9NS18,0
DB00421,P43220,0
DB00316,O43617,0
DB00573,O14727,0
DB00351,P45452,0
DB00344,Q13131,0
DB00461,Q15119,0
DB00540,P56556,0
DB00162,P41240,0
DB00182,P31930,0
DB00530,P01137,0
DB00295,P01138,0
DB00461,P06756,0
DB00316,P02792,0
DB00571,Q08462,0
DB00561,P41091,0
DB00285,Q9NS18,0
DB00373,Q99735,0
DB00575,P09958,0
DB00559,P04406,0
DB00357,P23743,0
DB00573,Q08828,0
DB00216,P56556,0
DB00185,P56556,0
DB00530,P06732,0
DB00481,P78417,0
DB00530,P56556,0
DB00204,P32418,0
DB00521,P07686,0
DB00202,Q04759,0
DB00530,Q15418,0
DB00573,P36897,0
DB00316,P20138,0
DB00195,O00469,0
DB00461,P35749,0
DB00490,Q13363,0
DB00318,P40238,0
DB00367,P51151,0
DB00307,P07766,0
DB00316,P38484,0
DB00318,P35241,0
DB00374,P17936,0
DB00197,P01138,0
DB00182,P47985,0
DB00295,P07766,0
DB00288,P48544,0
DB00247,P41231,0
DB00313,P61160,0
DB00358,Q99873,0
DB00486,P35030,0
DB00288,Q9UBX1,0
DB00561,P53355,0
DB00598,P34741,0
DB00379,P00568,0
DB00195,P38435,0
DB00247,P17936,0
DB00425,P13726,0
DB00499,Q6YP21,0
DB00421,O95907,0
DB00486,P47929,0
DB00182,P49913,0
DB00571,P23743,0
DB00182,P08514,0
DB00379,P12429,0
DB00461,P06744,0
DB00318,P49257,0
DB00313,P13726,0
DB00316,P49759,0
DB00486,P32119,0
DB00422,P27824,0
DB00371,P14778,0
DB00264,O75390,0
DB00246,O60882,0
DB00425,Q7L0J3,0
DB00247,P49589,0
DB00499,P49888,0
DB00573,P06756,0
DB00288,P54760,0
DB00594,Q9NRE1,0
DB00573,Q96KC2,0
DB00285,Q96KC2,0
DB00316,O75438,0
DB00461,P49789,0
DB00216,P49888,0
DB00477,P09622,0
DB00554,P13051,0
DB00476,P16070,0
DB00191,Q16836,0
DB00450,P01023,0
DB00401,P63027,0
DB00337,O60894,0
DB00425,Q13362,0
DB00288,P08183,0
DB00490,P01574,0
DB00381,P10606,0
DB00328,P07339,0
DB00288,P07360,0
DB00457,Q96C36,0
DB00500,P02792,0
DB00351,P60981,0
DB00521,O00469,0
DB00288,P24941,0
DB00425,P24941,0
DB00307,Q9UNN8,0
DB00440,P09958,0
DB00500,P16070,0
DB00476,P60900,0
DB00203,P54278,0
DB00318,P18509,0
DB00418,Q04759,0
DB00277,P14550,0
DB00561,P13612,0
DB00481,P04626,0
DB00357,P49888,0
DB00318,P07766,0
DB00297,P78330,0
DB00231,Q04759,0
DB00388,O14939,0
DB00318,Q16836,0
DB00541,Q04759,0
DB00211,Q14541,0
DB00363,P09958,0
DB00500,O15511,0
DB00465,P49789,0
DB00288,P13726,0
DB00351,Q9HAN9,0
DB00344,Q9NS18,0
DB00185,P01137,0
DB00486,P38435,0
DB00486,P17342,0
DB00440,P62993,0
DB00481,P14735,0
DB00357,P35030,0
DB00573,P33402,0
DB00313,P20810,0
DB00561,P30838,0
DB00440,P01024,0
DB00344,P24666,0
DB00297,P32119,0
DB00316,P49789,0
DB00295,P02776,0
DB00198,P08514,0
DB00344,O14936,0
DB00499,P45844,0
DB00481,P22314,0
DB00288,P43004,0
DB00211,O14939,0
DB00367,Q16873,0
DB00288,P40429,0
DB00334,Q04759,0
DB00182,O95622,0
DB00295,Q7L0J3,0
DB00561,Q9NRE1,0
DB00533,O43776,0
DB00350,Q04759,0
DB00554,P33402,0
DB00440,Q9UQF2,0
DB00500,P08700,0
DB00490,Q5VZ30,0
DB00465,P06756,0
DB00379,P30041,0
DB00288,O60882,0
DB00313,P11172,0
DB00486,O15382,0
DB00193,P13726,0
DB00497,Q07817,0
DB00500,Q15119,0
DB00425,P00480,0
DB00288,Q9H228,0
DB00195,O75390,0
DB00285,P13726,0
DB00461,Q96C36,0
DB00288,O14832,0
DB00182,P14174,0
DB00449,P20248,0
DB00204,Q12866,0
DB00295,P45844,0
DB00285,P67775,0
DB00184,P18509,0
DB00396,Q9Y286,0
DB00373,Q8N9I0,0
DB00195,P29120,0
DB00440,P07766,0
DB00440,Q13426,0
DB00486,P78368,0
DB00211,P24666,0
DB00211,Q9BQE3,0
DB00530,P78368,0
DB00285,P16070,0
DB00191,P19235,0
DB00313,P60981,0
DB00598,P29120,0
DB00281,Q07817,0
DB00404,Q04759,0
DB00530,P42336,0
DB00204,P14061,0
DB00211,P36897,0
DB00201,P14210,0
DB00561,P14735,0
DB00288,P53355,0
DB00376,P35557,0
DB00461,P18085,0
DB00318,P01138,0
DB00476,P11766,0
DB00561,P45844,0
DB00281,Q96GD4,0
DB00316,Q96C36,0
DB00381,P17213,0
DB00247,Q16775,0
DB00396,Q15842,0
DB00573,Q13133,0
DB00307,Q9NS18,0
DB00425,P12236,0
DB00461,O15511,0
DB00185,Q04759,0
DB00477,Q00536,0
DB00573,P53355,0
DB00316,P13051,0
DB00318,Q07817,0
DB00162,P09958,0
DB00351,P49913,0
DB00222,P08620,0
DB00182,Q99062,0
DB00367,P30405,0
DB00289,P32927,0
DB00327,P01138,0
DB00465,P36897,0
DB00476,Q96KC2,0
DB00350,P16444,0
DB00273,P13726,0
DB00200,P05113,0
DB00264,P00167,0
DB00367,P13073,0
DB00561,Q02643,0
DB00285,P27824,0
DB00276,Q04759,0
DB00573,Q8NFW8,0
DB00367,P13929,0
DB00533,Q7Z406,0
DB00198,P32119,0
DB00288,P61160,0
DB00211,P32119,0
DB00162,P06870,0
DB00481,P17600,0
DB00418,P01023,0
DB00182,P62826,0
DB00482,P24666,0
DB00497,P35241,0
DB00351,O75015,0
DB00500,P35749,0
DB00500,O60678,0
DB00276,P30559,0
DB00486,P16519,0
DB00573,O95838,0
DB00573,P35270,0
DB00295,Q02750,0
DB00182,P54278,0
DB00297,P20138,0
DB00421,O43175,0
DB00313,P30988,0
DB00201,P45452,0
DB00185,Q8WTS6,0
DB00191,P10912,0
DB00264,P11488,0
DB00421,P49747,0
DB00401,P06730,0
DB00316,Q15118,0
DB00344,P51553,0
DB00573,P49789,0
DB00465,P24666,0
DB00316,P13726,0
DB00497,P05165,0
DB00497,P32418,0
DB00288,P18509,0
DB00316,P04234,0
DB00575,P08069,0
DB00264,Q8N9I0,0
DB00541,P02452,0
DB00440,P22830,0
DB00284,P18509,0
DB00477,Q9NRE1,0
DB00571,Q99735,0
DB00379,P07384,0
DB00182,P19235,0
DB00337,P17174,0
DB00477,P34741,0
DB00337,P00167,0
DB00289,P07478,0
DB00533,Q969V6,0
DB00457,P35626,0
DB00573,P11233,0
DB00496,P35557,0
DB00288,P49913,0
DB00281,P01024,0
DB00318,P05165,0
DB00285,P22234,0
DB00289,Q9NQX3,0
DB00461,Q15118,0
DB00381,P49913,0
DB00598,P08514,0
DB00500,Q96KC2,0
DB00425,P31751,0
DB00561,Q92876,0
DB00337,Q08188,0
DB00195,P20594,0
DB00289,P50281,0
DB00440,Q96FI4,0
DB00327,Q99714,0
DB00425,P17342,0
DB00500,P13073,0
DB00350,O14786,0
DB00421,Q06187,0
DB00373,Q12797,0
DB00379,P41743,0
DB00486,P68104,0
DB00288,P35237,0
DB00573,P30988,0
DB00486,P48735,0
DB00440,P19235,0
DB00484,P48551,0
DB00461,P30988,0
DB00554,P36897,0
DB00162,O60882,0
DB00344,Q96I99,0
DB00288,O94766,0
DB00227,P34913,0
DB00481,P37173,0
DB00396,P17936,0
DB00318,P02776,0
DB00575,Q9Y5Y6,0
DB00481,Q15418,0
DB00465,O14727,0
DB00422,P60900,0
DB00351,P20645,0
DB00316,P56556,0
DB00481,P53355,0
DB00461,P04234,0
DB00316,P09874,0
DB00363,O60882,0
DB00351,P43220,0
DB00440,P18509,0
DB00461,P01138,0
DB00327,Q16836,0
DB00481,P30613,0
DB00327,P02776,0
DB00575,P49916,0
DB00281,P01137,0
DB00491,P18858,0
DB00554,P08700,0
DB00440,P49888,0
DB00500,P26572,0
DB00316,P22455,0
DB00518,Q07817,0
DB00193,P17936,0
DB00379,P07360,0
DB00411,Q04759,0
DB00350,P51178,0
DB00344,Q9BQE3,0
DB00316,Q08828,0
DB00586,P13726,0
DB00441,P54710,0
DB00499,P23743,0
DB00288,P61769,0
DB00185,P17936,0
DB00461,P53355,0
DB00486,Q92793,0
DB00333,O15144,0
DB00281,P11488,0
DB00497,P17050,0
DB00499,O15144,0
DB00350,P67775,0
DB00350,P08263,0
DB00459,Q13362,0
DB00561,P08559,0
DB00371,O00204,0
DB00530,P51659,0
DB00561,P19971,0
DB00461,P09874,0
DB00477,P23743,0
DB00477,P01137,0
DB00316,P36897,0
DB00185,O00204,0
DB00350,Q08828,0
DB00379,Q04759,0
DB00401,P45844,0
DB00561,Q16651,0
DB00289,P09848,0
DB00382,Q9H228,0
DB00459,P34741,0
DB00313,Q15118,0
DB00491,P35520,0
DB00476,P22234,0
DB00454,Q7Z406,0
DB00295,P31751,0
DB00327,P05165,0
DB00288,P26951,0
DB00379,Q8WTV0,0
DB00441,P29323,0
DB00486,P23743,0
DB00288,Q15842,0
DB00288,P10606,0
DB00497,Q7L0J3,0
DB00425,P67775,0
DB00200,P04350,0
DB00320,P48551,0
DB00350,P13051,0
DB00289,Q96I99,0
DB00481,Q9H4M7,0
DB00425,P38484,0
DB00518,Q15120,0
DB00327,Q92831,0
DB00264,P11168,0
DB00481,P61158,0
DB00422,P01023,0
DB00518,Q12756,0
DB00316,P18085,0
DB00333,Q9H228,0
DB00295,P32927,0
DB00421,Q16478,0
DB00422,P11766,0
DB00320,P02778,0
DB00050,P08514,0
DB00434,O14939,0
DB00368,Q9HAN9,0
DB00422,P50281,0
DB00490,P51151,0
DB00461,P08700,0
DB00490,P49146,0
DB00281,O14832,0
DB00185,P35557,0
DB00476,P01023,0
DB00211,P35626,0
DB00425,Q07817,0
DB00351,P07766,0
DB00222,P45983,0
DB00575,P30419,0
DB00491,Q96KC2,0
DB00554,P06756,0
DB00482,P08514,0
DB00500,P49789,0
DB00450,P23743,0
DB00288,Q96C36,0
DB00222,Q15102,0
DB00333,P41240,0
DB00162,Q9NTG7,0
DB00350,P06756,0
DB00490,O60882,0
DB00554,P60900,0
DB00318,Q92831,0
DB00486,P11498,0
DB00554,P34741,0
DB00050,Q04759,0
DB00195,P19429,0
DB00350,P78536,0
DB00285,P60900,0
DB00264,P42892,0
DB00327,P07766,0
DB00384,Q15078,0
DB00502,P45844,0
DB00554,P35749,0
DB00288,P45452,0
DB00533,P18085,0
DB00497,P17050,0
DB00461,P56556,0
DB00211,P34741,0
DB00481,P14061,0
DB00465,P08700,0
DB00285,P14061,0
DB00518,P01857,0
DB00316,P51649,0
DB00573,O15143,0
DB00289,Q9UGN5,0
DB00182,P37173,0
DB00379,P35557,0
DB00480,P55210,0
DB00211,Q00536,0
DB00316,O60678,0
DB00185,P30041,0
DB00575,P17174,0
DB00490,Q07817,0
DB00500,O14727,0
DB00313,Q99418,0
DB00193,P01138,0
DB00461,P60900,0
DB00379,Q92831,0
DB00518,P02787,0
DB00490,O75116,0
DB00500,P38484,0
DB00351,O43175,0
DB00321,P55210,0
DB00195,P17936,0
DB00379,P09012,0
DB00497,Q16773,0
DB00162,P48551,0
DB00295,P15104,0
DB00351,P49448,0
DB00371,P45983,0
DB00316,P34741,0
DB00554,P13073,0
DB00368,P09958,0
DB00530,P14735,0
DB00561,P56556,0
DB00288,Q9NQX3,0
DB00573,P13073,0
DB00288,P07195,0
DB00477,Q08462,0
DB00197,P08514,0
DB00285,P01023,0
DB00276,Q02750,0
DB00554,Q03013,0
DB00316,P12236,0
DB00490,P19235,0
DB00264,P17936,0
DB00518,Q7L0J3,0
DB00573,P18085,0
DB00401,P06731,0
DB00288,P42336,0
DB00292,P05120,0
DB00457,P02452,0
DB00295,Q92831,0
DB00307,P21549,0
DB00379,P23467,0
DB00364,P54710,0
DB00491,P01137,0
DB00307,O15143,0
DB00554,O14727,0
DB00465,P33402,0
DB00497,P29803,0
DB00422,P18509,0
DB00371,P24666,0
DB00198,P01137,0
DB00284,P09958,0
DB00182,P48736,0
DB00422,P19235,0
DB00561,Q9Y678,0
DB00573,P09874,0
DB00530,Q15796,0
DB00289,P18509,0
DB00351,O94925,0
DB00489,P11168,0
DB00500,P53355,0
DB00554,P38484,0
DB00289,P13726,0
DB00465,P22455,0
DB00481,P51659,0
DB00344,P10620,0
DB00357,P15509,0
DB00561,P14778,0
DB00350,P35222,0
DB00459,Q9NS18,0
DB00484,Q9Y5Y6,0
DB00379,Q6IA69,0
DB00313,P60900,0
DB00465,P12236,0
DB00371,O94766,0
DB00285,P32927,0
DB00497,P18509,0
DB00381,P29460,0
DB00425,Q9BVJ7,0
DB00292,P56181,0
DB00454,O75116,0
DB00425,Q08462,0
DB00561,Q16775,0
DB00316,P63096,0
DB00313,O14832,0
DB00316,O15143,0
DB00313,P55072,0
DB00358,P31785,0
DB00561,P41743,0
DB00476,P27824,0
DB00465,Q08828,0
DB00465,Q03013,0
DB00292,P35557,0
DB00482,O14818,0
DB00344,P25789,0
DB00264,P20594,0
DB00368,O75116,0
DB00333,P29475,0
DB00327,Q5JAM2,0
DB00350,Q6N063,0
DB00373,O43708,0
DB00425,P07858,0
DB00465,P11233,0
DB00381,P06756,0
DB00491,P52732,0
DB00289,P25789,0
DB00313,P63208,0
DB00195,Q08462,0
DB00198,O15382,0
DB00421,P09669,0
DB00337,P02818,0
DB00422,P23378,0
DB00351,P17936,0
DB00373,P02778,0
DB00500,P01138,0
DB00465,O15143,0
DB00450,P08311,0
DB00449,P11488,0
DB00316,P53355,0
DB00316,O14727,0
DB00198,P16444,0
DB00185,Q9Y5Y6,0
DB00381,P35243,0
DB00316,P35270,0
DB00573,P02792,0
DB00281,P15531,0
DB00292,Q07817,0
DB00295,P17050,0
DB00561,O00204,0
DB00481,P11172,0
DB00518,Q9P0J0,0
DB00184,P02792,0
DB00346,Q96C36,0
DB00289,P01023,0
DB00421,Q15842,0
DB00182,P47871,0
DB00351,P49841,0
DB00530,Q04759,0
DB00374,P34741,0
DB00327,P45844,0
DB00482,P49821,0
DB00573,Q15119,0
DB00477,P01023,0
DB00573,P56556,0
DB00476,P23378,0
DB00344,Q9NR19,0
DB00358,P21731,0
DB00312,Q04759,0
DB00572,Q13362,0
DB00477,Q15418,0
DB00182,Q6IA69,0
DB00297,O75438,0
DB00295,Q13554,0
DB00285,Q96I99,0
DB00211,Q9BWD1,0
DB00465,P02792,0
DB00195,Q99735,0
DB00465,P06744,0
DB00388,P17050,0
DB00425,P00505,0
DB00344,P61160,0
DB00295,Q13362,0
DB00554,P35270,0
DB00497,Q13362,0
DB00200,P60981,0
DB00344,P12883,0
DB00198,P02746,0
DB00477,Q5VZ30,0
DB00481,O75600,0
DB00521,P20594,0
DB00481,P49916,0
DB00598,P02778,0
DB00193,P18509,0
DB00203,P07384,0
DB00195,P02778,0
DB00486,Q9UNN8,0
DB00554,P11233,0
DB00461,P33402,0
DB00358,P24666,0
DB00204,P01138,0
DB00264,Q99735,0
DB00573,P04234,0
DB00182,P02794,0
DB00344,P14778,0
DB00211,Q9Y5R2,0
DB00316,P28070,0
DB00182,P21673,0
DB00421,P06396,0
DB00573,P34741,0
DB00398,Q9NR19,0
DB00351,Q99735,0
DB00285,P08559,0
DB00401,P0C0L4,0
DB00482,P18509,0
DB00204,P53355,0
DB00289,P08559,0
DB00561,P50579,0
DB00481,Q92831,0
DB00575,P45844,0
DB00357,P31751,0
DB00328,P17050,0
DB00367,P23743,0
DB00268,P23743,0
DB00182,P26196,0
DB00481,P09958,0
DB00344,P07478,0
DB00307,P20248,0
DB00500,P67775,0
DB00497,P61587,0
DB00373,P38435,0
DB00561,Q16836,0
DB00554,O15511,0
DB00575,P48551,0
DB00350,P22061,0
DB00318,P02794,0
DB00459,P22830,0
DB00497,Q7Z406,0
DB00554,P18085,0
DB00598,P00488,0
DB00316,P06744,0
DB00482,Q08188,0
DB00425,P24666,0
DB00210,P34741,0
DB00518,Q09013,0
DB00381,P18085,0
DB00598,P11168,0
DB00561,P01138,0
DB00327,P17050,0
DB00327,P02794,0
DB00379,Q15119,0
DB00573,P38484,0
DB00211,P63208,0
DB00379,P54760,0
DB00379,Q16773,0
DB00182,Q9NVH6,0
DB00162,Q16762,0
DB00481,Q00987,0
DB00211,Q96C36,0
DB00346,O14939,0
DB00333,P25815,0
DB00425,P25774,0
DB00477,Q99735,0
DB00185,P60900,0
DB00198,P13726,0
DB00573,O75438,0
DB00204,O15145,0
DB00486,P50416,0
DB00499,O75116,0
DB00248,Q15418,0
DB00182,P54687,0
DB00313,P09848,0
DB00543,Q9Y5Y6,0
DB00297,P10620,0
DB00264,P29120,0
DB00292,P21462,0
DB00476,P13726,0
DB00191,P01023,0
DB00598,P14735,0
DB00491,P18085,0
DB00461,O75438,0
DB00368,O14939,0
DB00318,P31751,0
DB00500,P49913,0
DB00486,P08254,0
DB00425,P14778,0
DB00358,P14210,0
DB00373,Q9BY41,0
DB00486,P11172,0
DB00162,P63096,0
DB00422,Q96KC2,0
DB00195,P11488,0
DB00368,P17936,0
DB00440,Q9NR19,0
DB00497,P02776,0
DB00321,P11488,0
DB00350,Q15118,0
DB00521,Q12797,0
DB00358,Q9Y286,0
DB00486,P61158,0
DB00315,P01308,0
DB00379,P11488,0
DB00195,P11168,0
DB00337,P20138,0
DB00461,P28070,0
DB00379,Q9NVH6,0
DB00281,P13726,0
DB00201,O14732,0
DB00461,P34741,0
DB00289,P33402,0
DB00481,P30041,0
DB00316,P21549,0
DB00382,Q96C36,0
DB00476,P32927,0
DB00264,P05062,0
DB00461,P49913,0
DB00461,Q08828,0
DB00184,O14786,0
DB00496,Q04759,0
DB00554,Q96KC2,0
DB00316,P06756,0
DB00465,P38484,0
DB00264,Q9Y286,0
DB00500,O15143,0
DB00295,P05165,0
DB00289,Q9NS18,0
DB00441,O75116,0
DB00481,P10828,0
DB00561,P09871,0
DB00440,P07384,0
DB00264,P38435,0
DB00344,P20645,0
DB00425,O00204,0
DB00441,Q9HAN9,0
DB00182,P29475,0
DB00421,P06132,0
DB00276,P54760,0
DB00344,P19235,0
DB00162,P45452,0
DB00357,Q16836,0
DB00396,P17050,0
DB00182,P32019,0
DB00344,P13726,0
DB00396,P24941,0
DB00590,P35626,0
DB00401,Q9HCP0,0
DB00396,P23467,0
DB00344,O94766,0
DB00482,P17752,0
DB00313,O60701,0
DB00204,P35749,0
DB00434,Q04759,0
DB00333,Q92831,0
DB00313,P46459,0
DB00191,P60900,0
DB00333,Q13126,0
DB00368,P20248,0
DB00500,P09874,0
DB00185,Q96I99,0
DB00288,P05106,0
DB00193,P60900,0
DB00554,P28070,0
DB00162,Q15102,0
DB00481,P61278,0
DB00561,P06576,0
DB00312,P01023,0
DB00288,P05120,0
DB00491,O60493,0
DB00288,P02743,0
DB00204,P09467,0
DB00367,P49257,0
DB00288,P02775,0
DB00379,P31937,0
DB00499,P14550,0
DB00518,P45844,0
DB00288,Q9NPB1,0
DB00350,P21549,0
DB00465,P09874,0
DB00554,O95838,0
DB00242,P01023,0
DB00518,P01023,0
DB00450,Q9Y5Y6,0
DB00422,P51553,0
DB00486,Q9H4M7,0
DB00554,P49821,0
DB00198,P09958,0
DB00500,P06756,0
DB00465,P28070,0
DB00313,Q96I99,0
DB00288,P21462,0
DB00367,P08514,0
DB00327,P18509,0
DB00344,Q9NQX3,0
DB00373,P11168,0
DB00461,O14727,0
DB00541,P56556,0
DB00431,P49888,0
DB00441,P49888,0
DB00351,Q9HCP0,0
DB00379,Q9Y285,0
DB00425,O14786,0
DB00573,P28070,0
DB00401,Q9UIC8,0
DB00373,P11488,0
DB00344,P01023,0
DB00281,Q04759,0
DB00204,P18509,0
DB00182,Q00536,0
DB00316,P67775,0
DB00367,P54368,0
DB00500,P20138,0
DB00316,P49821,0
DB00288,P48664,0
DB00182,Q96KC2,0
DB00421,P00751,0
DB00289,P23378,0
DB00344,Q08188,0
DB00425,P01023,0
DB00264,Q08462,0
DB00182,P13726,0
DB00476,P08559,0
DB00242,P45844,0
DB00358,Q16222,0
DB00573,Q15118,0
DB00486,O95831,0
DB00396,P51955,0
DB00518,Q7Z406,0
DB00288,Q13426,0
DB00284,P55210,0
DB00248,O60882,0
DB00337,P49773,0
DB00490,P04054,0
DB00499,P07384,0
DB00401,P20963,0
DB00573,P13051,0
DB00193,P32927,0
DB00344,P11488,0
DB00181,Q01718,0
DB00441,Q15788,0
DB00357,P45983,0
DB00486,P09238,0
DB00295,Q7Z406,0
DB00318,P32927,0
DB00195,P46459,0
DB00222,P62714,0
DB00327,P49257,0
DB00307,P34741,0
DB00307,P10620,0
DB00316,Q13133,0
DB00327,Q16773,0
DB00461,O60678,0
DB00465,P13726,0
DB00288,P20645,0
DB00367,O60664,0
DB00434,P17936,0
DB00318,Q16773,0
DB00344,P36897,0
DB00575,O75600,0
DB00440,Q96KC2,0
DB00185,P01023,0
DB00350,Q8NFW8,0
DB00289,P31949,0
DB00484,P45844,0
DB00554,Q8NFW8,0
DB00337,P68363,0
DB00379,P14061,0
DB00188,P17342,0
DB00344,P16070,0
DB00182,O00206,0
DB00350,P28070,0
DB00307,O00763,0
DB00554,P20138,0
DB00350,P49913,0
DB00502,P23743,0
DB00200,P13051,0
DB00182,Q15796,0
DB00307,Q12866,0
DB00490,P20248,0
DB00327,P32418,0
DB00277,Q99735,0
DB00481,P07998,0
DB00315,P35241,0
DB00490,P01023,0
DB00421,Q04828,0
DB00315,Q13554,0
DB00573,P30405,0
DB00561,P13727,0
DB00264,P19429,0
DB00561,P07766,0
DB00381,P13726,0
DB00480,P49789,0
DB00554,P49913,0
DB00344,P11766,0
DB00350,P07360,0
DB00450,P29803,0
DB00521,P29120,0
DB00313,P18858,0
DB00318,Q13362,0
